{
  "query":"
mutation (
  $executionArn: String!,
  $accountId: String!,
  $type: StateMachine!,
  $status: OrchestrationStatus!,
  $startTime: ISO8601DateTime!,
  $deployers: [DeployerInput!]!,
  $bom: JSON!
) {
  createStateMachineExecution(
    accountId: $accountId,
    executionArn: $executionArn,
    type: $type,
    startTime: $startTime,
    status: $status,
    deployers: $deployers,
    configurationDocument: $bom
  ) {
    arn
    status
    startTime
    deployers {
      name
    }
  }
}",
  "variables": {
    "executionArn": "arn:aws:states:us-east-2:614751254790:execution:csor-orchestration-baseline:35f2a4dd-6fa4-4db1-b4ea-933a9de8b0b0",
    "accountId": "5",
    "type": "BASELINE",
    "startTime": "2024-11-26T17:51:42Z",
    "status": "SUCCEEDED",
    "deployers": [
      {
        "failureReason": null,
        "name": "base_deployer",
        "outputs": {
          "cicd_iam_role_arn": "arn:aws:iam::992382701930:role/cicd_deployer_role",
          "cicd_iam_policy_arn": "arn:aws:iam::992382701930:policy/cicd_deployer_policy",
          "logging_iam_role_arn": "arn:aws:iam::992382701930:role/logging_deployer_role",
          "logging_iam_policy_arn": "arn:aws:iam::992382701930:policy/logging_deployer_policy",
          "security_shield_iam_role_arn": "arn:aws:iam::992382701930:role/security_shield_deployer_role",
          "security_tenable_iam_role_arn": "arn:aws:iam::992382701930:role/security_tenable_deployer_role",
          "security_shield_iam_policy_arn": "arn:aws:iam::992382701930:policy/security_shield_deployer_policy",
          "security_tenable_iam_policy_arn": "arn:aws:iam::992382701930:policy/security_tenable_deployer_policy"
        },
        "repository": null,
        "resources": [
          {
            "aws_id": "1789900679",
            "terraform_name": "cpair_policy_document",
            "terraform_type": "aws_iam_policy_document",
            "terraform_address": "data.aws_iam_policy_document.cpair_policy_document"
          },
          {
            "aws_id": "2531729606",
            "terraform_name": "cpair_trust_policy_document",
            "terraform_type": "aws_iam_policy_document",
            "terraform_address": "data.aws_iam_policy_document.cpair_trust_policy_document"
          },
          {
            "aws_id": "dev-bt-app7",
            "terraform_name": "alias",
            "terraform_type": "aws_iam_account_alias",
            "terraform_address": "aws_iam_account_alias.alias"
          },
          {
            "aws_id": "arn:aws:iam::992382701930:policy/cpair_policy",
            "terraform_name": "cpair_policy",
            "terraform_type": "aws_iam_policy",
            "terraform_address": "aws_iam_policy.cpair_policy"
          },
          {
            "aws_id": "assume_scoped_role_root",
            "terraform_name": "cpair_role",
            "terraform_type": "aws_iam_role",
            "terraform_address": "aws_iam_role.cpair_role"
          },
          {
            "aws_id": "assume_scoped_role_root-20240402142642714300000001",
            "terraform_name": "cpair_policy_attachment",
            "terraform_type": "aws_iam_role_policy_attachment",
            "terraform_address": "aws_iam_role_policy_attachment.cpair_policy_attachment"
          },
          {
            "aws_id": "655291414",
            "terraform_name": "policy_document",
            "terraform_type": "aws_iam_policy_document",
            "terraform_address": "module.cicd_deployer.data.aws_iam_policy_document.policy_document"
          },
          {
            "aws_id": "3156293033",
            "terraform_name": "trust_policy_document",
            "terraform_type": "aws_iam_policy_document",
            "terraform_address": "module.cicd_deployer.data.aws_iam_policy_document.trust_policy_document"
          },
          {
            "aws_id": "arn:aws:iam::992382701930:policy/cicd_deployer_policy",
            "terraform_name": "policy",
            "terraform_type": "aws_iam_policy",
            "terraform_address": "module.cicd_deployer.aws_iam_policy.policy"
          },
          {
            "aws_id": "cicd_deployer_role",
            "terraform_name": "role",
            "terraform_type": "aws_iam_role",
            "terraform_address": "module.cicd_deployer.aws_iam_role.role"
          },
          {
            "aws_id": "cicd_deployer_role-20240402142642751600000004",
            "terraform_name": "attachment",
            "terraform_type": "aws_iam_role_policy_attachment",
            "terraform_address": "module.cicd_deployer.aws_iam_role_policy_attachment.attachment"
          },
          {
            "aws_id": "868584964",
            "terraform_name": "policy_document",
            "terraform_type": "aws_iam_policy_document",
            "terraform_address": "module.logging_deployer.data.aws_iam_policy_document.policy_document"
          },
          {
            "aws_id": "1782195153",
            "terraform_name": "trust_policy_document",
            "terraform_type": "aws_iam_policy_document",
            "terraform_address": "module.logging_deployer.data.aws_iam_policy_document.trust_policy_document"
          },
          {
            "aws_id": "arn:aws:iam::992382701930:policy/logging_deployer_policy",
            "terraform_name": "policy",
            "terraform_type": "aws_iam_policy",
            "terraform_address": "module.logging_deployer.aws_iam_policy.policy"
          },
          {
            "aws_id": "logging_deployer_role",
            "terraform_name": "role",
            "terraform_type": "aws_iam_role",
            "terraform_address": "module.logging_deployer.aws_iam_role.role"
          },
          {
            "aws_id": "logging_deployer_role-20240402142642742000000002",
            "terraform_name": "attachment",
            "terraform_type": "aws_iam_role_policy_attachment",
            "terraform_address": "module.logging_deployer.aws_iam_role_policy_attachment.attachment"
          },
          {
            "aws_id": "2689246642",
            "terraform_name": "policy_document",
            "terraform_type": "aws_iam_policy_document",
            "terraform_address": "module.network_deployer.data.aws_iam_policy_document.policy_document"
          },
          {
            "aws_id": "499095608",
            "terraform_name": "trust_policy_document",
            "terraform_type": "aws_iam_policy_document",
            "terraform_address": "module.network_deployer.data.aws_iam_policy_document.trust_policy_document"
          },
          {
            "aws_id": "arn:aws:iam::992382701930:policy/network_deployer_policy",
            "terraform_name": "policy",
            "terraform_type": "aws_iam_policy",
            "terraform_address": "module.network_deployer.aws_iam_policy.policy"
          },
          {
            "aws_id": "network_deployer_role",
            "terraform_name": "role",
            "terraform_type": "aws_iam_role",
            "terraform_address": "module.network_deployer.aws_iam_role.role"
          },
          {
            "aws_id": "network_deployer_role-20241008215309787800000001",
            "terraform_name": "attachment",
            "terraform_type": "aws_iam_role_policy_attachment",
            "terraform_address": "module.network_deployer.aws_iam_role_policy_attachment.attachment"
          },
          {
            "aws_id": "416235920",
            "terraform_name": "policy_document",
            "terraform_type": "aws_iam_policy_document",
            "terraform_address": "module.security_shield_deployer.data.aws_iam_policy_document.policy_document"
          },
          {
            "aws_id": "2730258113",
            "terraform_name": "trust_policy_document",
            "terraform_type": "aws_iam_policy_document",
            "terraform_address": "module.security_shield_deployer.data.aws_iam_policy_document.trust_policy_document"
          },
          {
            "aws_id": "arn:aws:iam::992382701930:policy/security_shield_deployer_policy",
            "terraform_name": "policy",
            "terraform_type": "aws_iam_policy",
            "terraform_address": "module.security_shield_deployer.aws_iam_policy.policy"
          },
          {
            "aws_id": "security_shield_deployer_role",
            "terraform_name": "role",
            "terraform_type": "aws_iam_role",
            "terraform_address": "module.security_shield_deployer.aws_iam_role.role"
          },
          {
            "aws_id": "security_shield_deployer_role-20240402142642901500000006",
            "terraform_name": "attachment",
            "terraform_type": "aws_iam_role_policy_attachment",
            "terraform_address": "module.security_shield_deployer.aws_iam_role_policy_attachment.attachment"
          },
          {
            "aws_id": "3843060319",
            "terraform_name": "policy_document",
            "terraform_type": "aws_iam_policy_document",
            "terraform_address": "module.security_tenable_deployer.data.aws_iam_policy_document.policy_document"
          },
          {
            "aws_id": "2596427237",
            "terraform_name": "trust_policy_document",
            "terraform_type": "aws_iam_policy_document",
            "terraform_address": "module.security_tenable_deployer.data.aws_iam_policy_document.trust_policy_document"
          },
          {
            "aws_id": "arn:aws:iam::992382701930:policy/security_tenable_deployer_policy",
            "terraform_name": "policy",
            "terraform_type": "aws_iam_policy",
            "terraform_address": "module.security_tenable_deployer.aws_iam_policy.policy"
          },
          {
            "aws_id": "security_tenable_deployer_role",
            "terraform_name": "role",
            "terraform_type": "aws_iam_role",
            "terraform_address": "module.security_tenable_deployer.aws_iam_role.role"
          },
          {
            "aws_id": "security_tenable_deployer_role-20240402142642751300000003",
            "terraform_name": "attachment",
            "terraform_type": "aws_iam_role_policy_attachment",
            "terraform_address": "module.security_tenable_deployer.aws_iam_role_policy_attachment.attachment"
          }
        ],
        "snowTicket": null,
        "status": "Success",
        "version": "0.1.10"
      },
      {
        "failureReason": null,
        "name": "cicd_deployer",
        "outputs": {},
        "repository": null,
        "resources": [
          {
            "aws_id": "797618127",
            "terraform_name": "cd_role_policy_document",
            "terraform_type": "aws_iam_policy_document",
            "terraform_address": "module.jpw_cd_roles.data.aws_iam_policy_document.cd_role_policy_document"
          },
          {
            "aws_id": "2699986082",
            "terraform_name": "jenkins_prod_cd_assume_role_policy_document",
            "terraform_type": "aws_iam_policy_document",
            "terraform_address": "module.jpw_cd_roles.data.aws_iam_policy_document.jenkins_prod_cd_assume_role_policy_document"
          },
          {
            "aws_id": "3429375008",
            "terraform_name": "jenkins_sand_cd_assume_role_policy_document",
            "terraform_type": "aws_iam_policy_document",
            "terraform_address": "module.jpw_cd_roles.data.aws_iam_policy_document.jenkins_sand_cd_assume_role_policy_document"
          },
          {
            "aws_id": "3122592428",
            "terraform_name": "read_only_policy_document",
            "terraform_type": "aws_iam_policy_document",
            "terraform_address": "module.jpw_cd_roles.data.aws_iam_policy_document.read_only_policy_document"
          },
          {
            "aws_id": "arn:aws:iam::992382701930:policy/CDRolePolicy",
            "terraform_name": "cd_role_policy",
            "terraform_type": "aws_iam_policy",
            "terraform_address": "module.jpw_cd_roles.aws_iam_policy.cd_role_policy"
          },
          {
            "aws_id": "arn:aws:iam::992382701930:policy/ReadOnlyPolicy",
            "terraform_name": "read_only_policy",
            "terraform_type": "aws_iam_policy",
            "terraform_address": "module.jpw_cd_roles.aws_iam_policy.read_only_policy"
          },
          {
            "aws_id": "jenkins_prod_cd_read",
            "terraform_name": "jenkins_prod",
            "terraform_type": "aws_iam_role",
            "terraform_address": "module.jpw_cd_roles.aws_iam_role.jenkins_prod"
          }
        ],
        "snowTicket": null,
        "status": "Success",
        "version": "0.1.5"
      },
      {
        "failureReason": null,
        "name": "logging_deployer",
        "outputs": {
          "iam_role_cwl_subscription_filter_role_arn": "arn:aws:iam::992382701930:role/CloudwatchSubscriptionFilterRole",
          "iam_role_cloudwatch_logging_app_subscription_arn": "arn:aws:iam::992382701930:role/CloudwatchLoggingAppSubscriptionRole"
        },
        "repository": null,
        "resources": [
          {
            "aws_id": "992382701930",
            "terraform_name": "current",
            "terraform_type": "aws_caller_identity",
            "terraform_address": "data.aws_caller_identity.current"
          },
          {
            "aws_id": "3466121264",
            "terraform_name": "assume_role_logging_foundation_account",
            "terraform_type": "aws_iam_policy_document",
            "terraform_address": "data.aws_iam_policy_document.assume_role_logging_foundation_account"
          },
          {
            "aws_id": "3455699504",
            "terraform_name": "cloudwatch-logging-app-subscription-policy",
            "terraform_type": "aws_iam_policy_document",
            "terraform_address": "data.aws_iam_policy_document.cloudwatch-logging-app-subscription-policy"
          },
          {
            "aws_id": "us-east-2",
            "terraform_name": "current",
            "terraform_type": "aws_region",
            "terraform_address": "data.aws_region.current"
          },
          {
            "aws_id": "arn:aws:iam::992382701930:policy/cloudwatch-logging-app-subscription-policy",
            "terraform_name": "cloudwatch-logging-app-subscription-policy",
            "terraform_type": "aws_iam_policy",
            "terraform_address": "aws_iam_policy.cloudwatch-logging-app-subscription-policy"
          },
          {
            "aws_id": "arn:aws:iam::992382701930:policy/Permissions-For-CWL-Subscription-filter",
            "terraform_name": "permissions_cwl_subscription_filter_policy",
            "terraform_type": "aws_iam_policy",
            "terraform_address": "aws_iam_policy.permissions_cwl_subscription_filter_policy"
          },
          {
            "aws_id": "CloudwatchLoggingAppSubscriptionRole",
            "terraform_name": "cloudwatch-logging-app-subscription",
            "terraform_type": "aws_iam_role",
            "terraform_address": "aws_iam_role.cloudwatch-logging-app-subscription"
          },
          {
            "aws_id": "CloudwatchSubscriptionFilterRole",
            "terraform_name": "cwl_subscription_filter_role",
            "terraform_type": "aws_iam_role",
            "terraform_address": "aws_iam_role.cwl_subscription_filter_role"
          },
          {
            "aws_id": "CloudwatchLoggingAppSubscriptionRole-20240328181327141700000003",
            "terraform_name": "cloudwatch-logging-app-subscription",
            "terraform_type": "aws_iam_role_policy_attachment",
            "terraform_address": "aws_iam_role_policy_attachment.cloudwatch-logging-app-subscription"
          },
          {
            "aws_id": "CloudwatchSubscriptionFilterRole-20240328181327210700000004",
            "terraform_name": "lambda_policy_attachment",
            "terraform_type": "aws_iam_role_policy_attachment",
            "terraform_address": "aws_iam_role_policy_attachment.lambda_policy_attachment"
          },
          {
            "aws_id": "arn:aws:oam:ap-southeast-2:992382701930:link/18322eee-ecdd-4f89-ad24-236044e4d265",
            "terraform_name": "link_ap_southeast_2",
            "terraform_type": "aws_oam_link",
            "terraform_address": "aws_oam_link.link_ap_southeast_2"
          },
          {
            "aws_id": "arn:aws:oam:eu-central-1:992382701930:link/d4b469f7-2393-4b08-9f48-7ef268bdb19f",
            "terraform_name": "link_eu_central_1",
            "terraform_type": "aws_oam_link",
            "terraform_address": "aws_oam_link.link_eu_central_1"
          },
          {
            "aws_id": "arn:aws:oam:us-east-1:992382701930:link/52b5764f-584e-4968-935a-4a26a4bc0524",
            "terraform_name": "link_us_east_1",
            "terraform_type": "aws_oam_link",
            "terraform_address": "aws_oam_link.link_us_east_1"
          },
          {
            "aws_id": "arn:aws:oam:us-east-2:992382701930:link/8dc45e47-1701-4abb-87ff-9130bc646d21",
            "terraform_name": "link_us_east_2",
            "terraform_type": "aws_oam_link",
            "terraform_address": "aws_oam_link.link_us_east_2"
          },
          {
            "aws_id": "arn:aws:oam:us-west-2:992382701930:link/a38563fe-0e72-4197-996c-a8c2afa711c2",
            "terraform_name": "link_us_west_2",
            "terraform_type": "aws_oam_link",
            "terraform_address": "aws_oam_link.link_us_west_2"
          },
          {
            "aws_id": "arn:aws:cloudtrail:us-east-2:992382701930:trail/logging-cloudtrail",
            "terraform_name": "trail",
            "terraform_type": "aws_cloudtrail",
            "terraform_address": "module.cloudtrail_to_logs.aws_cloudtrail.trail"
          },
          {
            "aws_id": "992382701930",
            "terraform_name": "current",
            "terraform_type": "aws_caller_identity",
            "terraform_address": "module.event_bus.data.aws_caller_identity.current"
          },
          {
            "aws_id": "3959961479",
            "terraform_name": "assume_role",
            "terraform_type": "aws_iam_policy_document",
            "terraform_address": "module.event_bus.data.aws_iam_policy_document.assume_role"
          },
          {
            "aws_id": "463471425",
            "terraform_name": "event_bus_invoke_remote_logging_foundation",
            "terraform_type": "aws_iam_policy_document",
            "terraform_address": "module.event_bus.data.aws_iam_policy_document.event_bus_invoke_remote_logging_foundation"
          },
          {
            "aws_id": "capture_new_loggroup_creation_us-east-2",
            "terraform_name": "rule",
            "terraform_type": "aws_cloudwatch_event_rule",
            "terraform_address": "module.event_bus.aws_cloudwatch_event_rule.rule"
          },
          {
            "aws_id": "capture_new_loggroup_creation_us-east-2-terraform-20240919143031785100000001",
            "terraform_name": "SendToEventBus",
            "terraform_type": "aws_cloudwatch_event_target",
            "terraform_address": "module.event_bus.aws_cloudwatch_event_target.SendToEventBus"
          },
          {
            "aws_id": "arn:aws:iam::992382701930:policy/invoke_remote_logging_foundation_event_bus",
            "terraform_name": "event_bus_invoke_remote_logging_foundation",
            "terraform_type": "aws_iam_policy",
            "terraform_address": "module.event_bus.aws_iam_policy.event_bus_invoke_remote_logging_foundation"
          },
          {
            "aws_id": "invoke-logging-foundation-event-bus",
            "terraform_name": "event_bus_invoke_remote_logging_foundation",
            "terraform_type": "aws_iam_role",
            "terraform_address": "module.event_bus.aws_iam_role.event_bus_invoke_remote_logging_foundation"
          },
          {
            "aws_id": "invoke-logging-foundation-event-bus-20240328181327121700000002",
            "terraform_name": "event_bus_invoke_remote_logging_foundation",
            "terraform_type": "aws_iam_role_policy_attachment",
            "terraform_address": "module.event_bus.aws_iam_role_policy_attachment.event_bus_invoke_remote_logging_foundation"
          }
        ],
        "snowTicket": null,
        "status": "Success",
        "version": "0.1.6"
      },
      {
        "failureReason": null,
        "name": "network_deployer",
        "outputs": {
          "vpc_id": "vpc-ab7404c2",
          "sv_account_id": "831145966718",
          "public_access_cidrs": [
            "52.70.164.73/32",
            "52.15.138.172/32",
            "52.9.91.68/32",
            "52.89.170.109/32",
            "52.57.231.243/32",
            "52.62.144.202/32",
            "52.1.72.227/32",
            "3.142.21.134/32",
            "52.53.74.225/32",
            "44.240.219.31/32",
            "3.122.9.108/32",
            "3.106.37.114/32",
            "208.44.152.128/26",
            "74.203.157.224/27",
            "18.204.84.169/32",
            "173.224.160.0/21",
            "3.13.69.160/32",
            "3.130.122.134/32",
            "3.18.26.152/32",
            "3.13.201.120/32",
            "3.130.51.66/32",
            "3.13.214.21/32"
          ],
          "public_subnets_list": [
            "arn:aws:ec2:us-east-2:782759316251:subnet/subnet-41763028",
            "arn:aws:ec2:us-east-2:782759316251:subnet/subnet-b852dfc3",
            "arn:aws:ec2:us-east-2:782759316251:subnet/subnet-1247975f"
          ],
          "private_subnets_list": [
            "arn:aws:ec2:us-east-2:782759316251:subnet/subnet-79743210",
            "arn:aws:ec2:us-east-2:782759316251:subnet/subnet-156ee36e",
            "arn:aws:ec2:us-east-2:782759316251:subnet/subnet-c348988e"
          ],
          "shared_vpc_resources": {
            "subnet-1247975f": "arn:aws:ec2:us-east-2:782759316251:subnet/subnet-1247975f",
            "subnet-156ee36e": "arn:aws:ec2:us-east-2:782759316251:subnet/subnet-156ee36e",
            "subnet-41763028": "arn:aws:ec2:us-east-2:782759316251:subnet/subnet-41763028",
            "subnet-79743210": "arn:aws:ec2:us-east-2:782759316251:subnet/subnet-79743210",
            "subnet-b852dfc3": "arn:aws:ec2:us-east-2:782759316251:subnet/subnet-b852dfc3",
            "subnet-c348988e": "arn:aws:ec2:us-east-2:782759316251:subnet/subnet-c348988e",
            "subnet-01eda1d33034ff9ef": "arn:aws:ec2:us-east-2:782759316251:subnet/subnet-01eda1d33034ff9ef",
            "subnet-0643eb2c6ba626f45": "arn:aws:ec2:us-east-2:782759316251:subnet/subnet-0643eb2c6ba626f45",
            "subnet-0bc951c02bf3bed0c": "arn:aws:ec2:us-east-2:782759316251:subnet/subnet-0bc951c02bf3bed0c"
          },
          "cosmos_account_values": {
            "qa": "782759316251",
            "dev": "782759316251",
            "prod": "123910207971",
            "sand": "303892774901"
          },
          "private_eks_subnets_list": [
            "arn:aws:ec2:us-east-2:782759316251:subnet/subnet-0643eb2c6ba626f45",
            "arn:aws:ec2:us-east-2:782759316251:subnet/subnet-01eda1d33034ff9ef",
            "arn:aws:ec2:us-east-2:782759316251:subnet/subnet-0bc951c02bf3bed0c"
          ],
          "accounts_with_ram_share_to_shared_vpc": {
            "account_number": "992382701930",
            "subnet_arns_share": [
              "arn:aws:ec2:us-east-2:782759316251:subnet/subnet-01eda1d33034ff9ef",
              "arn:aws:ec2:us-east-2:782759316251:subnet/subnet-0643eb2c6ba626f45",
              "arn:aws:ec2:us-east-2:782759316251:subnet/subnet-0bc951c02bf3bed0c",
              "arn:aws:ec2:us-east-2:782759316251:subnet/subnet-1247975f",
              "arn:aws:ec2:us-east-2:782759316251:subnet/subnet-156ee36e",
              "arn:aws:ec2:us-east-2:782759316251:subnet/subnet-41763028",
              "arn:aws:ec2:us-east-2:782759316251:subnet/subnet-79743210",
              "arn:aws:ec2:us-east-2:782759316251:subnet/subnet-b852dfc3",
              "arn:aws:ec2:us-east-2:782759316251:subnet/subnet-c348988e"
            ]
          }
        },
        "repository": null,
        "resources": [
          {
            "aws_id": "arn:aws:ram:us-east-2:782759316251:resource-share/90ac9e60-b0cf-4ee3-9f37-ce143870ec71,992382701930",
            "terraform_name": "shared_vpc",
            "terraform_type": "aws_ram_principal_association",
            "terraform_address": "module.shared_vpc_resource_to_account.aws_ram_principal_association.shared_vpc"
          },
          {
            "aws_id": "arn:aws:ram:us-east-2:782759316251:resource-share/90ac9e60-b0cf-4ee3-9f37-ce143870ec71,arn:aws:ec2:us-east-2:782759316251:subnet/subnet-01eda1d33034ff9ef",
            "terraform_name": "shared_vpc",
            "terraform_type": "aws_ram_resource_association",
            "terraform_address": "module.shared_vpc_resource_to_account.aws_ram_resource_association.shared_vpc[\"subnet-01eda1d33034ff9ef\"]"
          },
          {
            "aws_id": "arn:aws:ram:us-east-2:782759316251:resource-share/90ac9e60-b0cf-4ee3-9f37-ce143870ec71,arn:aws:ec2:us-east-2:782759316251:subnet/subnet-0643eb2c6ba626f45",
            "terraform_name": "shared_vpc",
            "terraform_type": "aws_ram_resource_association",
            "terraform_address": "module.shared_vpc_resource_to_account.aws_ram_resource_association.shared_vpc[\"subnet-0643eb2c6ba626f45\"]"
          },
          {
            "aws_id": "arn:aws:ram:us-east-2:782759316251:resource-share/90ac9e60-b0cf-4ee3-9f37-ce143870ec71,arn:aws:ec2:us-east-2:782759316251:subnet/subnet-0bc951c02bf3bed0c",
            "terraform_name": "shared_vpc",
            "terraform_type": "aws_ram_resource_association",
            "terraform_address": "module.shared_vpc_resource_to_account.aws_ram_resource_association.shared_vpc[\"subnet-0bc951c02bf3bed0c\"]"
          },
          {
            "aws_id": "arn:aws:ram:us-east-2:782759316251:resource-share/90ac9e60-b0cf-4ee3-9f37-ce143870ec71,arn:aws:ec2:us-east-2:782759316251:subnet/subnet-1247975f",
            "terraform_name": "shared_vpc",
            "terraform_type": "aws_ram_resource_association",
            "terraform_address": "module.shared_vpc_resource_to_account.aws_ram_resource_association.shared_vpc[\"subnet-1247975f\"]"
          },
          {
            "aws_id": "arn:aws:ram:us-east-2:782759316251:resource-share/90ac9e60-b0cf-4ee3-9f37-ce143870ec71,arn:aws:ec2:us-east-2:782759316251:subnet/subnet-156ee36e",
            "terraform_name": "shared_vpc",
            "terraform_type": "aws_ram_resource_association",
            "terraform_address": "module.shared_vpc_resource_to_account.aws_ram_resource_association.shared_vpc[\"subnet-156ee36e\"]"
          },
          {
            "aws_id": "arn:aws:ram:us-east-2:782759316251:resource-share/90ac9e60-b0cf-4ee3-9f37-ce143870ec71,arn:aws:ec2:us-east-2:782759316251:subnet/subnet-41763028",
            "terraform_name": "shared_vpc",
            "terraform_type": "aws_ram_resource_association",
            "terraform_address": "module.shared_vpc_resource_to_account.aws_ram_resource_association.shared_vpc[\"subnet-41763028\"]"
          },
          {
            "aws_id": "arn:aws:ram:us-east-2:782759316251:resource-share/90ac9e60-b0cf-4ee3-9f37-ce143870ec71,arn:aws:ec2:us-east-2:782759316251:subnet/subnet-79743210",
            "terraform_name": "shared_vpc",
            "terraform_type": "aws_ram_resource_association",
            "terraform_address": "module.shared_vpc_resource_to_account.aws_ram_resource_association.shared_vpc[\"subnet-79743210\"]"
          },
          {
            "aws_id": "arn:aws:ram:us-east-2:782759316251:resource-share/90ac9e60-b0cf-4ee3-9f37-ce143870ec71,arn:aws:ec2:us-east-2:782759316251:subnet/subnet-b852dfc3",
            "terraform_name": "shared_vpc",
            "terraform_type": "aws_ram_resource_association",
            "terraform_address": "module.shared_vpc_resource_to_account.aws_ram_resource_association.shared_vpc[\"subnet-b852dfc3\"]"
          },
          {
            "aws_id": "arn:aws:ram:us-east-2:782759316251:resource-share/90ac9e60-b0cf-4ee3-9f37-ce143870ec71,arn:aws:ec2:us-east-2:782759316251:subnet/subnet-c348988e",
            "terraform_name": "shared_vpc",
            "terraform_type": "aws_ram_resource_association",
            "terraform_address": "module.shared_vpc_resource_to_account.aws_ram_resource_association.shared_vpc[\"subnet-c348988e\"]"
          },
          {
            "aws_id": "arn:aws:ram:us-east-2:782759316251:resource-share/90ac9e60-b0cf-4ee3-9f37-ce143870ec71",
            "terraform_name": "shared_vpc",
            "terraform_type": "aws_ram_resource_share",
            "terraform_address": "module.shared_vpc_resource_to_account.aws_ram_resource_share.shared_vpc"
          }
        ],
        "snowTicket": null,
        "status": "Success",
        "version": "0.1.13"
      },
      {
        "failureReason": null,
        "name": "security_shield_deployer",
        "outputs": {
          "shield_rule_id": "shield-advanced-enrollment",
          "srt_iam_role_arn": "arn:aws:iam::992382701930:role/srt_role",
          "enroll_resource_role_arn": "arn:aws:iam::992382701930:role/enroll_resource_role",
          "shield_state_machine_arn": "arn:aws:states:us-east-2:992382701930:stateMachine:shield_enrollment",
          "shield_drt_access_role_arn": "arn:aws:iam::992382701930:role/srt_role",
          "shield_enrollment_sfn_role": "arn:aws:iam::992382701930:role/shield_enrollment_sfn_role",
          "enroll_resource_function_name": "enroll_resource",
          "describe_shield_resources_role_arn": "arn:aws:iam::992382701930:role/describe_shield_resources_role",
          "describe_shield_resources_function_name": "describe_shield_resources"
        },
        "repository": null,
        "resources": [
          {
            "aws_id": "4226678223",
            "terraform_name": "describe_shield_resources_inline_policy",
            "terraform_type": "aws_iam_policy_document",
            "terraform_address": "data.aws_iam_policy_document.describe_shield_resources_inline_policy"
          },
          {
            "aws_id": "356503032",
            "terraform_name": "enroll_resource_inline_policy",
            "terraform_type": "aws_iam_policy_document",
            "terraform_address": "data.aws_iam_policy_document.enroll_resource_inline_policy"
          },
          {
            "aws_id": "2690255455",
            "terraform_name": "lambda_assume_role_policy",
            "terraform_type": "aws_iam_policy_document",
            "terraform_address": "data.aws_iam_policy_document.lambda_assume_role_policy"
          },
          {
            "aws_id": "us-east-2",
            "terraform_name": "current",
            "terraform_type": "aws_region",
            "terraform_address": "data.aws_region.current"
          },
          {
            "aws_id": "/aws/lambda/describe_shield_resources",
            "terraform_name": "describe_shield_resources",
            "terraform_type": "aws_cloudwatch_log_group",
            "terraform_address": "aws_cloudwatch_log_group.describe_shield_resources"
          },
          {
            "aws_id": "/aws/lambda/enroll_resource",
            "terraform_name": "enroll_resource",
            "terraform_type": "aws_cloudwatch_log_group",
            "terraform_address": "aws_cloudwatch_log_group.enroll_resource"
          },
          {
            "aws_id": "shield-advanced-enrollment",
            "terraform_name": "shield_rule",
            "terraform_type": "aws_config_config_rule",
            "terraform_address": "aws_config_config_rule.shield_rule"
          },
          {
            "aws_id": "arn:aws:iam::992382701930:policy/shield_enrollment_sfn_policy",
            "terraform_name": "shield_enrollment_sfn_policy",
            "terraform_type": "aws_iam_policy",
            "terraform_address": "aws_iam_policy.shield_enrollment_sfn_policy"
          },
          {
            "aws_id": "describe_shield_resources_role",
            "terraform_name": "describe_shield_resources_role",
            "terraform_type": "aws_iam_role",
            "terraform_address": "aws_iam_role.describe_shield_resources_role"
          },
          {
            "aws_id": "enroll_resource_role",
            "terraform_name": "enroll_resource_role",
            "terraform_type": "aws_iam_role",
            "terraform_address": "aws_iam_role.enroll_resource_role"
          },
          {
            "aws_id": "shield_enrollment_sfn_role",
            "terraform_name": "shield_enrollment_sfn_role",
            "terraform_type": "aws_iam_role",
            "terraform_address": "aws_iam_role.shield_enrollment_sfn_role"
          },
          {
            "aws_id": "srt_role",
            "terraform_name": "srt",
            "terraform_type": "aws_iam_role",
            "terraform_address": "aws_iam_role.srt"
          },
          {
            "aws_id": "shield_enrollment_sfn_role-20240223191420624400000002",
            "terraform_name": "iam_for_sfn_attach_policy_invoke_lambda",
            "terraform_type": "aws_iam_role_policy_attachment",
            "terraform_address": "aws_iam_role_policy_attachment.iam_for_sfn_attach_policy_invoke_lambda"
          },
          {
            "aws_id": "srt_role-20240223191406175700000001",
            "terraform_name": "srt",
            "terraform_type": "aws_iam_role_policy_attachment",
            "terraform_address": "aws_iam_role_policy_attachment.srt"
          },
          {
            "aws_id": "describe_shield_resources",
            "terraform_name": "describe_shield_resources",
            "terraform_type": "aws_lambda_function",
            "terraform_address": "aws_lambda_function.describe_shield_resources"
          },
          {
            "aws_id": "enroll_resource",
            "terraform_name": "enroll_resource",
            "terraform_type": "aws_lambda_function",
            "terraform_address": "aws_lambda_function.enroll_resource"
          },
          {
            "aws_id": "AllowExecutionFromConfig",
            "terraform_name": "shield_enrollment",
            "terraform_type": "aws_lambda_permission",
            "terraform_address": "aws_lambda_permission.shield_enrollment"
          },
          {
            "aws_id": "arn:aws:states:us-east-2:992382701930:stateMachine:shield_enrollment",
            "terraform_name": "shield_enrollment",
            "terraform_type": "aws_sfn_state_machine",
            "terraform_address": "aws_sfn_state_machine.shield_enrollment"
          },
          {
            "aws_id": "arn:aws:iam::992382701930:role/srt_role",
            "terraform_name": "srt",
            "terraform_type": "aws_shield_drt_access_role_arn_association",
            "terraform_address": "aws_shield_drt_access_role_arn_association.srt"
          }
        ],
        "snowTicket": null,
        "status": "Success",
        "version": "0.1.6"
      },
      {
        "failureReason": null,
        "name": "stackset_deployer",
        "outputs": {},
        "repository": null,
        "resources": {},
        "snowTicket": null,
        "status": "Success",
        "version": "d2c8471f0556acf28636b81609c078a21b5c8c7a"
      }
    ],
    "bom": {
       "name": "dev-bt-app7",
       "region": "us-east-2",
       "account": "992382701930",
       "requestor": "ldiniz",
       "environment": "DEV",
       "base_deployer": "0.1.10",
       "cicd_deployer": "0.1.5",
       "logging_deployer": "0.1.6",
       "network_deployer": "0.1.13",
       "stackset_deployer": "latest",
       "security_shield_deployer": "0.1.6"
    }
  }
}
