{
  "query": "mutation($name: String!, $accountId: String!, $type: AccountTypeType!, $environment: EnvironmentType!, $owner: String!, $applicationName: String!, $distributionList: String!, $slackChannel: String!, $businessUnit: String!, $dataClassification: DataClassificationType!, $businessCriticality: BusinessCriticalityType!, $connectivity: AccountConnectivityType!, $baselineChangeApprovalRequired: Boolean!, $provisionChangeApprovalRequired: Boolean!, $regions: [RegionType!]!) { createAccount(name: $name, accountId: $accountId, type: $type, environment: $environment, owner: $owner, applicationName: $applicationName, distributionList: $distributionList, slackServiceChannel: $slackChannel, businessUnit: $businessUnit, dataClassification: $dataClassification, businessCriticality: $businessCriticality, connectivity: $connectivity, baselineChangeApprovalRequired: $baselineChangeApprovalRequired, provisionChangeApprovalRequired: $provisionChangeApprovalRequired, regions: $regions) { id name accountType environment owner applicationName distributionList slackServiceChannel businessUnit dataClassification businessCriticality connectivity baselineChangeApprovalRequired provisionChangeApprovalRequired regions } }",
  "variables": {
    "name": "Apollo Test Account",
    "accountId": "apollo-123",
    "type": "TENANT",
    "environment": "DEV",
    "owner": "Apollo Team",
    "applicationName": "apollo-application",
    "distributionList": "apollo-team@paypal.com",
    "slackChannel": "#apollo-notifications",
    "businessUnit": "Apollo",
    "dataClassification": "CLASS_3",
    "businessCriticality": "STANDARD",
    "connectivity": "INTERNAL",
    "baselineChangeApprovalRequired": false,
    "provisionChangeApprovalRequired": false,
    "regions": ["us-east-2", "ap-south-1", "ap-southeast-1"]
  }
}
