{
  "query": "mutation (
    $name: String!,
    $accountId: String!,
    $type: AccountType!,
    $environment: Environment!,
    $owner: String!,
    $applicationName: String!,
    $distributionList: String!,
    $slackChannel: String!,
    $businessUnit: String!,
    $dataClassification: DataClassification!,
    $businessCriticality: BusinessCriticality!,
    $connectivity: AccountConnectivity!,
    $baselineChangeApprovalRequired: Boolean!,
    $provisionChangeApprovalRequired: Boolean!
    $regions: [Region!]!) {
  createAccount(
    name: $name,
    accountId: $accountId,
    type: $type,
    environment: $environment,
    owner: $owner,
    applicationName: $applicationName,
    distributionList: $distributionList,
    slackServiceChannel: $slackChannel,
    businessUnit: $businessUnit,
    dataClassification: $dataClassification,
    businessCriticality: $businessCriticality,
    connectivity: $connectivity,
    baselineChangeApprovalRequired: $baselineChangeApprovalRequired,
    provisionChangeApprovalRequired: $provisionChangeApprovalRequired,
    regions: $regions) {
      id
      name
      accountType
      environment
    }
  }",
  "variables": {
    "name": "test-2",
    "accountId": "5",
    "type": "TENANT",
    "environment": "DEV",
    "owner": "Cloud NX",
    "applicationName": "my-application",
    "distributionList": "cloudnx@paypal.com",
    "slackChannel": "#csor-architecture-forum",
    "businessUnit": "Braintree",
    "dataClassification": "CLASS_5",
    "businessCriticality": "LOW",
    "connectivity": "INTERNAL",
    "baselineChangeApprovalRequired": false,
    "provisionChangeApprovalRequired": false,
    "regions": ["us-east-2", "us-east-1", "eu-central-1"]
  }
}
