{
    "orchestration_url": "https://n4jtsh20r9-vpce-0a8103716a6bb595d.execute-api.us-east-2.amazonaws.com/csor_orchestration/provision",
    "orchestration_aws_region": "us-east-2",
    "orchestration_aws_assume_role": "arn:aws:iam::339712719475:role/csor-orchestration-tenant-prod-jenkins-service-account-role",
    "sor_url": "https://extz10neji-vpce-0a8103716a6bb595d.execute-api.us-east-2.amazonaws.com/csor_sor/graphql",
    "sor_aws_region": "us-east-2",
    "e2e_aws_account_num": "533267054952",
    "e2e_aws_account_env": "PROD",
    "e2e_aws_account_name": "prod-bt-fake",
    "parallelism": 2,
    "max_wait_time_in_minutes": 60
  }
