{
    "orchestration_url": "https://x4sg9p08nb-vpce-0a8103716a6bb595d.execute-api.us-east-2.amazonaws.com/csor_orchestration/provision",
    "orchestration_aws_region": "us-east-2",
    "orchestration_aws_assume_role": "arn:aws:iam::339713027185:role/csor-orchestration-tenant-sand-jenkins-service-account-role",
    "sor_url": "https://bh4er4sc53-vpce-0a8103716a6bb595d.execute-api.us-east-2.amazonaws.com/csor_sor/graphql",
    "sor_aws_region": "us-east-2",
    "e2e_aws_account_num": "767397851611",
    "e2e_aws_account_env": "SAND",
    "e2e_aws_account_name": "sand-bt-fake",
    "parallelism": 2,
    "max_wait_time_in_minutes": 60
  }
