{
  "orchestration_url": "https://em6lrx4ov6-vpce-0a8103716a6bb595d.execute-api.us-east-2.amazonaws.com/csor_orchestration/baseline",
  "orchestration_aws_region": "us-east-2",
  "orchestration_aws_assume_role": "arn:aws:iam::381492044061:role/csor-orchestration-qa-jenkins-service-account-role",
  "sor_url": "https://wpkjswnpd1-vpce-0a8103716a6bb595d.execute-api.us-east-2.amazonaws.com/csor_sor/graphql",
  "sor_aws_region": "us-east-2",
  "end_to_end_account": "262417653833",
  "parallelism": 10,
  "max_wait_time_in_minutes": 20
}
