{
  "orchestration_url": "https://bhxnaup753-vpce-0a8103716a6bb595d.execute-api.us-east-2.amazonaws.com/csor_orchestration/baseline",
  "orchestration_aws_region": "us-east-2",
  "orchestration_aws_assume_role": "arn:aws:iam::891377279854:role/csor-orchestration-tenant-qa-jenkins-service-account-role",
  "sor_url": "https://dii9nbiw43-vpce-0a8103716a6bb595d.execute-api.us-east-2.amazonaws.com/csor_sor/graphql",
  "sor_aws_region": "us-east-2",
  "end_to_end_account": "590183724737",
  "parallelism": 4,
  "max_wait_time_in_minutes": 20
}
