{
  "orchestration_url": "https://bhxnaup753-vpce-0a8103716a6bb595d.execute-api.us-east-2.amazonaws.com/csor_orchestration/baseline",
  "orchestration_aws_region": "us-east-2",
  "orchestration_aws_assume_role": "arn:aws:iam::891377279854:role/csor-orchestration-tenant-qa-jenkins-service-account-role",
  "sor_url": "https://dii9nbiw43-vpce-0a8103716a6bb595d.execute-api.us-east-2.amazonaws.com/csor_sor/graphql",
  "sor_aws_region": "us-east-2",
  "e2e_aws_account_num": "590183724737",
  "e2e_aws_account_env": "QA",
  "e2e_aws_account_name": "qa-bt-fake",
  "parallelism": 2,
  "max_wait_time_in_minutes": 60
}
